Transaction_Date,Amount,ExtDesc,other
10/18/2011 16:58,0.25,,other
10/18/2011 17:15,0,FIRST TECH 8700 SW NIMBUS AVE     BEAVERTON    ORUS,other
12/21/2011 3:18,0.13,PAYPAL VERIFYBANK - VERIFYBANK,other
12/21/2011 3:18,0.03,PAYPAL VERIFYBANK - VERIFYBANK,other
12/22/2011 3:16,5,PAYPAL TRANSFER - TRANSFER,other
1/3/2012 4:04,-5,PAYPAL TRANSFER - TRANSFER,other
1/9/2012 15:06,1650,,other
1/10/2012 18:20,0,BANK OF AMERICA *HAGGEN TUALATIN       TUALATIN     ORUS,other
1/10/2012 18:36,-9.37,HAGGEN FOOD AND PH 8515 SW TUALATIN-S     TUALATIN     ORUS,other
1/17/2012 15:08,-16.08,7-ELEVEN 6000 S.W. HALL BLV     BEAVERTON    ORUS,other
1/17/2012 19:04,-3.43,FRED MEYER 393         TUALATIN     ORUS,other
1/20/2012 15:41,-15.5,HAGGEN FOOD AND PH 8515 SW TUALATIN-S     TUALATIN     ORUS,other
1/20/2012 19:29,-19.99,VALVE SOFTWARE         425-8899642  WAUS,other
1/21/2012 19:38,-8.18,CARLS JR #7159    Q15 TUALATIN     ORUS,other
1/23/2012 11:44,-7.66,TACO BELL #3163        TUALATIN     ORUS,other
1/24/2012 7:21,-4.38,Co entry IAT PAYPAL Ind ID # 4U4J25K3MCBWY   Originator Name GILL RICHARDSON,other
1/25/2012 3:59,-6.59,BEAVERTON DQ #16068    BEAVERTON    ORUS,other
1/25/2012 11:03,-10.65,TACO BELL #3163        TUALATIN     ORUS,other
1/30/2012 15:17,-10.11,PLAID PANTRY #016 19405 SW BOONES FERRY RTUALATIN     ORUS,other
1/31/2012 20:01,0.05,,other
1/31/2012 22:51,-8.65,MCDONALDS F5957       TUALATIN     ORUS,other
2/8/2012 4:11,-10.58,BEAVERTON DQ #16068    BEAVERTON    ORUS,other
2/9/2012 16:07,-21.34,FRED MEYER 393         TUALATIN     ORUS,other
2/10/2012 17:26,-14.17,FRED MEYER 040         PORTLAND     ORUS,other
2/15/2012 11:38,-5.55,TACO BELL #3163        TUALATIN     ORUS,other
2/18/2012 0:29,-4.78,VALVE SOFTWARE         425-8899642  WAUS,other
2/21/2012 8:08,-17,PAYPAL INSTANT TRANSFER - INST XFER,other
2/28/2012 0:48,-6.5,STARBUCKS CORP00106963 TUGARD       ORUS,other
2/28/2012 11:22,-7.96,TACO BELL #3163        TUALATIN     ORUS,other
2/29/2012 4:58,-11.08,BEAVERTON DQ #16068    BEAVERTON    ORUS,other
2/29/2012 20:02,0.06,,other
3/7/2012 3:42,-9.49,BEAVERTON DQ #16068    BEAVERTON    ORUS,other
3/7/2012 17:32,-3.34,HAGGEN FOOD AND PH 8515 SW TUALATIN-S     TUALATIN     ORUS,other
3/7/2012 18:09,-10,SLIDEROOM.COM/CHARGE   000-0000000  TXUS,other
3/8/2012 21:19,-10.19,VALVE SOFTWARE         425-8899642  WAUS,other
3/9/2012 15:21,-28.83,HAGGEN FOOD AND PH 8515 SW TUALATIN-S     TUALATIN     ORUS,other
3/11/2012 0:10,-10.29,CARLS JR #7159    Q15 TUALATIN     ORUS,other
3/13/2012 18:38,-7.38,FRED MEYER 393         TUALATIN     ORUS,other
3/14/2012 7:20,-12.47,BEAVERTON DQ #16068    BEAVERTON    ORUS,other
3/26/2012 20:46,-9.99,VALVE SOFTWARE         425-8899642  WAUS,other
3/30/2012 17:57,-4.68,FRED MEYER 393         TUALATIN     ORUS,other
3/31/2012 12:12,-15.11,TACO BELL #15347       TIGARD       ORUS,other
3/31/2012 17:00,0.06,,other
4/1/2012 19:40,-7.78,CARLS JR #8104        TIGARD       ORUS,other
4/3/2012 18:16,-3.98,HAGGEN FOOD AND PH 8515 SW TUALATIN-S     TUALATIN     ORUS,other
4/4/2012 4:59,-14.07,BEAVERTON DQ #16068    BEAVERTON    ORUS,other
4/5/2012 17:02,-7.79,FRED MEYER 040         PORTLAND     ORUS,other
4/6/2012 4:23,-10.88,KFC # 080026           PORTLAND     ORUS,other
4/7/2012 12:30,-8.36,TACO BELL #3163        TUALATIN     ORUS,other
4/10/2012 2:07,-20.05,CHIPOTLE 1015          TUALATIN     ORUS,other
4/10/2012 18:27,-16.25,HAGGEN FOOD AND PH 8515 SW TUALATIN-S     TUALATIN     ORUS,other
4/11/2012 4:24,-10.08,BEAVERTON DQ #16068    BEAVERTON    ORUS,other
4/18/2012 4:30,-11.98,BEAVERTON DQ #16068    BEAVERTON    ORUS,other
4/25/2012 6:22,-11.17,BEAVERTON DQ #16068    BEAVERTON    ORUS,other
4/30/2012 20:45,0.05,,other
5/1/2012 11:52,-11.24,TACO BELL #3163        TUALATIN     ORUS,other
5/1/2012 18:50,-13.18,HAGGEN FOOD AND PH 8515 SW TUALATIN-S     TUALATIN     ORUS,other
5/9/2012 4:03,-11.17,BEAVERTON DQ #16068    BEAVERTON    ORUS,other
5/16/2012 21:14,-220.65,AMAZON.COM             SEATTLE      WAUS,other
5/19/2012 0:22,-15.63,AMAZON.COM             SEATTLE      WAUS,other
5/22/2012 18:40,-24.45,FRED MEYER 393         TUALATIN     ORUS,other
5/23/2012 4:03,-10.78,BEAVERTON DQ #16068    BEAVERTON    ORUS,other
5/30/2012 3:59,-136,PAYPAL INSTANT TRANSFER - INST XFER,other
5/30/2012 12:02,-9.15,TACO BELL #2253        BEAVERTON    ORUS,other
5/31/2012 20:30,-39.99,VALVE SOFTWARE         425-8899642  WAUS,other
5/31/2012 20:51,0.04,,other
6/4/2012 20:01,-16.99,VALVE SOFTWARE         425-8899642  WAUS,other
6/5/2012 11:08,-21.04,USPS 400688955 4550 SW BETTS AVE      BEAVERTON    ORUS,other
6/6/2012 4:36,-11.48,BEAVERTON DQ #16068    BEAVERTON    ORUS,other
6/6/2012 20:29,-11,SAFEWAY  STORE  0512 8145 SW BARBUR BLVD    PORTLAND     ORU,other
6/7/2012 23:34,-13,SAFEWAY  STORE  0512 8145 SW BARBUR BLVD    PORTLAND     ORU,other
6/12/2012 14:03,-21.63,FRED MEYER 393         TUALATIN     ORUS,other
6/15/2012 14:04,-10.26,TACO BELL #24103       SHERWOOD     ORUS,other
6/19/2012 20:45,-7.33,FRED MEYER 040         PORTLAND     ORUS,other
6/19/2012 22:11,-9.75,SQ *BIG-ASS SANDWICHES Portland     ORUS,other
6/20/2012 4:14,-6.25,SAINT CUPCAKE          PORTLAND     ORUS,other
6/21/2012 13:01,-8.36,TACO BELL #2622        PORTLAND     ORUS,other
6/21/2012 15:42,-10.39,SESAME DONUTS          PORTLAND     ORUS,other
6/25/2012 16:32,-0.99,HAGGEN FOOD AND PH 8515 SW TUALATIN-S     TUALATIN     ORUS,other
6/26/2012 11:47,-80.85,PCC Sylvania Bookstore PORTLAND     ORUS,other
6/29/2012 10:04,-25.72,HAGGEN FOOD AND PH 8515 SW TUALATIN-S     TUALATIN     ORUS,other
6/29/2012 20:49,-8.39,CARLS JR #7159    Q15 TUALATIN     ORUS,other
6/30/2012 14:24,-7.43,FRED MEYER 393         TUALATIN     ORUS,other
6/30/2012 17:24,0.02,,other
7/6/2012 12:36,-13.59,AMAZON MKTPLACE PMTS   AMZN.COM/BILLWAUS,other
7/12/2012 13:46,-24.03,FRED MEYER 393         TUALATIN     ORUS,other
7/16/2012 13:38,-9.76,TACO BELL #3187        TIGARD       ORUS,other
7/18/2012 4:54,-4.99,VALVE SOFTWARE         425-8899642  WAUS,other
7/18/2012 4:54,-7.48,VALVE SOFTWARE         425-8899642  WAUS,other
7/18/2012 4:54,-19.96,VALVE SOFTWARE         425-8899642  WAUS,other
7/18/2012 4:54,-9.99,VALVE SOFTWARE         425-8899642  WAUS,other
7/18/2012 18:18,-105,DEQ VIP SH14962 SW TUALSHERWOOD     ORUS,other
7/18/2012 18:19,-30,DEQ VIP SH14962 SW TUALSHERWOOD     ORUS,other
7/19/2012 15:00,0,WINCO FOODS #0023 7501 DARTMOUTH ST.     TIGARD       ORUS,other
7/19/2012 15:01,-61,WINCO FOODS #0023 7501 DARTMOUTH ST.     TIGARD       ORUS,other
7/20/2012 17:40,-7.48,TACO BELL 0   00166009 TIGARD       ORUS,other
7/23/2012 15:50,-14.77,SAFEWAY  STORE  0512 8145 SW BARBUR BLVD    PORTLAND     ORU,other
7/30/2012 3:28,250,PAYPAL TRANSFER - TRANSFER,other
7/31/2012 12:29,-20.5,FRED MEYER 393         TUALATIN     ORUS,other
7/31/2012 15:11,1,,other
7/31/2012 21:11,0.65,,other
8/9/2012 3:57,-10.17,PAYPAL INSTANT TRANSFER - INST XFER,other
8/14/2012 13:10,-11.27,FRED MEYER 393         TUALATIN     ORUS,other
8/17/2012 17:24,-8.37,TACO BELL #3163        TUALATIN     ORUS,other
8/21/2012 3:20,1.11,GOOGLE ADSENSE GOOGLE.COM - REVENUE SH,other
8/21/2012 21:26,-25.38,FRED MEYER 393         TUALATIN     ORUS,other
8/22/2012 17:58,-20.66,FRED MEYER 393         TUALATIN     ORUS,other
8/29/2012 2:43,-27.27,ROUND TABLE PIZZA #319 5036611011   ORUS,other
8/31/2012 20:53,0.01,,other
9/1/2012 8:35,-20,CHEVRON 00210319       TUALATIN     ORUS,other
9/20/2012 0:08,-8,INFLIGHT US AIRWAYS    PHOENIX      AZUS,other
9/30/2012 17:50,0.01,,other
10/1/2012 12:35,-17.08,HAGGEN FOOD AND PH 8515 SW TUALATIN-S     TUALATIN     ORUS,other
10/26/2012 12:38,-7.76,TACO BELL #3163        TUALATIN     ORUS,other
10/26/2012 17:58,-8.45,HAGGEN FOOD AND PH 8515 SW TUALATIN-S     TUALATIN     ORUS,other
10/31/2012 21:17,0.01,,other
11/21/2012 3:15,-9.17,PCC SYLVANIA DINING    PORTLAND     ORUS,other
11/21/2012 9:23,-23.72,FRED MEYER 393         TUALATIN     ORUS,other
11/27/2012 3:21,104.95,GOOGLE ADSENSE GOOGLE.COM - REVENUE SH,other
11/30/2012 20:59,0.01,,other
12/2/2012 18:38,-6.67,FRED MEYER 393         TUALATIN     ORUS,other
12/12/2012 0:42,-7.49,PCC SYLVANIA DINING    PORTLAND     ORUS,other
12/13/2012 19:33,-11.94,FRED MEYER 393         TUALATIN     ORUS,other
12/14/2012 11:41,-9.68,TACO BELL #3163        TUALATIN     ORUS,other
12/17/2012 13:49,-17.66,FRED MEYER 393         TUALATIN     ORUS,other
12/20/2012 10:02,-20,,other
12/21/2012 21:54,-20,PMG E SUNSET           PORTLAND     ORUS,other
12/22/2012 14:01,-20,CHEVRON 00210319       TUALATIN     ORUS,other
12/23/2012 0:35,-15.95,NEW KINGS BUFFET       TIGARD       ORUS,other
12/28/2012 16:07,-44,RUSSELL STREET BAR-B-Q PORTLAND     ORUS,other
12/30/2012 11:08,20,Shared Branch e-deposit               Palo Alto     CA,other
12/30/2012 11:14,20,Shared Branch e-deposit               Palo Alto     CA,other
12/30/2012 11:18,185,Shared Branch e-deposit               Palo Alto     CA,other
12/31/2012 21:08,0.01,,other
1/11/2013 13:19,-16.22,TACO BELL #3163        TUALATIN     ORUS,other
1/12/2013 14:30,-13.47,HAGGEN FOOD AND PH 8515 SW TUALATIN-S     TUALATIN     ORUS,other
1/15/2013 15:32,-10.12,PLAID PANTRY #16 19405 SW BOONES FERRY RTUALATIN     ORUS,other
1/17/2013 21:21,-9.2,FRED MEYER 393         TUALATIN     ORUS,other
1/30/2013 19:36,-14.96,CARLS JR #7159    Q15 TUALATIN     ORUS,other
1/31/2013 20:42,-39.98,ANCIENT WONDERS        TUALATIN     ORUS,other
1/31/2013 21:23,0.01,,other
2/4/2013 6:21,-23.15,BUFFALO WILD WINGS #357TUALATIN     ORUS,other
2/5/2013 21:22,-7.57,HAGGEN FOOD AND PH 8515 SW TUALATIN-S     TUALATIN     ORUS,other
2/6/2013 10:50,-8.29,CARLS JR 7159         TUALATIN     ORUS,other
2/9/2013 16:45,-3.84,FRED MEYER 040         PORTLAND     ORUS,other
2/13/2013 3:28,90.47,PAYPAL TRANSFER - TRANSFER,other
2/13/2013 15:33,-15.99,FRED MEYER 393         TUALATIN     ORUS,other
2/19/2013 16:16,-6.33,SQ *GOODNESS COFFEE HOUBeaverton    ORUS,other
2/21/2013 14:11,0,BANK OF AMERICA *HAGGEN TUALATIN       TUALATIN     ORUS,other
2/22/2013 9:54,-110,PMG E SUNSET           PORTLAND     ORUS,other
2/22/2013 11:39,-17.12,TACO BELL #3163        TUALATIN     ORUS,other
2/24/2013 12:30,-5.99,PIZZA SCHMIZZA RALEIGH BEAVERTON    ORUS,other
2/24/2013 12:30,-9.49,PIZZA SCHMIZZA RALEIGH BEAVERTON    ORUS,other
2/24/2013 15:47,-10.49,SESAME DONUTS          PORTLAND     ORUS,other
2/25/2013 3:32,135,PAYPAL TRANSFER - TRANSFER,other
2/28/2013 21:15,0.26,,other
3/1/2013 3:57,-6.2,CHIPOTLE 1015          TUALATIN     ORUS,other
3/5/2013 21:21,-13.27,FRED MEYER 393         TUALATIN     ORUS,other
3/20/2013 11:21,-12.99,TACO BELL #3163        TUALATIN     ORUS,other
3/22/2013 13:57,-68.71,CHEVRON 00210319       TUALATIN     ORUS,other
3/22/2013 14:19,-9.87,FRED MEYER 393         TUALATIN     ORUS,other
3/22/2013 17:51,-26.42,FRED MEYER 393         TUALATIN     ORUS,other
3/22/2013 19:17,-9.99,VALVE SOFTWARE         425-8899642  WAUS,other
3/31/2013 20:24,0.01,,other
4/3/2013 4:44,-13.73,PAYPAL INSTANT TRANSFER - INST XFER,other
4/6/2013 21:54,-3.1,7-ELEVEN 8635 SW BARBUR BLV     PORTLAND     ORUS,other
4/14/2013 3:09,-21.26,BEAVERTON DQ #16068    BEAVERTON    ORUS,other
4/25/2013 3:36,105.23,GOOGLE ADSENSE GOOGLE.COM - REVENUE SH,other
5/3/2013 16:49,-10.85,FRED MEYER 393         TUALATIN     ORUS,other
5/10/2013 4:26,-1.23,PAYPAL INSTANT TRANSFER - INST XFER,other
5/18/2013 15:21,-6.28,HAGGEN FOOD AND PH 8515 SW TUALATIN-S     TUALATIN     ORUS,other
5/28/2013 4:54,-9.75,PAYPAL INSTANT TRANSFER - INST XFER,other
5/28/2013 8:45,-8.98,QDOBA 380     11303807 TUALATIN     ORUS,other
6/9/2013 19:56,-5.56,PLAID PANTRY #0019 15995 SW HALL BLVD.    TIGARD       ORUS,other
6/15/2013 14:29,-14.35,BAJA FRESH MEXICAN GRI LAKE OSWEGO  ORUS,other
6/28/2013 21:45,-15.25,OR LIQUOR 9875 SW BARBUPORTLAND     ORUS,other
6/29/2013 3:38,-6.75,SQ *WHATS THE SCOOP?  Portland     ORUS,other
7/12/2013 21:51,-4.59,FRED MEYER 040         PORTLAND     ORUS,other
7/15/2013 14:27,-8.9,FRED MEYER 393         TUALATIN     ORUS,other
7/28/2013 17:36,-11,FLIPPING BURGER        PORTLAND     ORUS,other
8/14/2013 3:30,5.08,PAYPAL TRANSFER - TRANSFER,other
8/21/2013 3:26,10.01,PAYPAL TRANSFER - TRANSFER,other
8/26/2013 4:32,-5,PAYPAL INSTANT TRANSFER - INST XFER,other
9/4/2013 2:17,-7.8,POTBELLY  308          LAKE OSWEGO  ORUS,other
9/4/2013 3:30,18.34,PAYPAL TRANSFER - TRANSFER,other
9/14/2013 13:01,-4.35,BURGERVILLE USA #14    PORTLAND     ORUS,other
9/14/2013 13:11,396.28,FIRST TECH 8700 SW NIMBUS AVE     BEAVERTON    ORUS,other
9/15/2013 16:22,-24.25,FIRE ON THE MOUNTAIN B PORTLAND     ORUS,other
9/16/2013 23:50,-6,POTBELLY  308          LAKE OSWEGO  ORUS,other
9/17/2013 18:16,-3.28,HAGGEN FOOD AND PH     TUALATIN     ORUS,other
9/18/2013 4:12,-107.03,PAYPAL INSTANT TRANSFER - INST XFER,other
9/20/2013 3:11,-8.6,CHIPOTLE 1645          LAKE OSWEGO  ORUS,other
9/21/2013 3:44,-9,FLYING PIE PIZZERIA    LAKE OSWEGO  ORUS,other
9/23/2013 4:59,-48.08,PAYPAL INSTANT TRANSFER - INST XFER,other
9/23/2013 20:51,-12.5,DANGS THAI KITCHEN     LAKE OSWEGO  ORUS,other
9/24/2013 3:32,334.87,Google Inc. EDI - EDI PYMNTS,other
9/26/2013 2:24,-8.6,CHIPOTLE 1645          LAKE OSWEGO  ORUS,other
9/26/2013 10:26,-317.99,AMAZON MKTPLACE PMTS   AMZN.COM/BILLWAUS,other
9/30/2013 21:19,0.01,,other
9/30/2013 23:54,-8,POTBELLY  308          LAKE OSWEGO  ORUS,other
10/1/2013 20:21,-19.55,VALVE SOFTWARE         425-8899642  WAUS,other
10/2/2013 16:49,-9.75,BUSTERS TEXAS STYLE BBQTIGARD       ORUS,other
10/2/2013 18:24,-5.07,FRED MEYER 393         TUALATIN     ORUS,other
10/5/2013 22:16,-24.44,FRED MEYER 040         PORTLAND     ORUS,other
10/6/2013 11:02,-28,REGAL CINEMAS TIGARD   TIGARD       ORUS,other
10/6/2013 11:19,-18.4,CARLS JR 8104         TIGARD       ORUS,other
10/9/2013 0:10,-8,POTBELLY  308          LAKE OSWEGO  ORUS,other
10/13/2013 12:39,896.03,FIRST TECH 8700 SW NIMBUS AVE     BEAVERTON    ORUS,other
10/15/2013 1:56,906.13,WAGGENER EDSTROM 350001092443      05 - DIRECT DEP,other
10/15/2013 20:08,-15,PINE SHED RIBS AND BARBLAKE OSWEGO  ORUS,other
10/17/2013 11:41,-158,MALETIS BEVERAGE       PORTLAND     ORUS,other
10/17/2013 19:27,-4.99,VALVE SOFTWARE         425-8899642  WAUS,other
10/18/2013 3:34,-6,POTBELLY  308          LAKE OSWEGO  ORUS,other
10/24/2013 17:16,-20.35,FRED MEYER 393         TUALATIN     ORUS,other
10/26/2013 18:35,-10.8,FRED MEYER 040         PORTLAND     ORUS,other
10/27/2013 1:21,-9.18,BAJA FRESH BARBUR      PORTLAND     ORUS,other
10/30/2013 23:05,1309.73,WAGGENER EDSTROM 350001092443      05 - DIRECT DEP,other
10/31/2013 21:10,1.49,,other
11/1/2013 3:06,-6.7,CHIPOTLE 1645          LAKE OSWEGO  ORUS,other
11/2/2013 13:02,-36.9,OR LIQUOR STORE #074   PORTLAND     ORUS,other
11/2/2013 13:38,-9.97,TRADER JOES # 142     LAKE OSWEGO  ORUS,other
11/2/2013 19:31,-12.03,FRED MEYER 393         TUALATIN     ORUS,other
11/5/2013 10:14,-10.98,APL*APPLE ITUNES STORE 866-712-7753 CAUS,other
11/5/2013 20:14,-22.99,VALVE SOFTWARE         425-8899642  WAUS,other
11/9/2013 14:07,543.03,FIRST TECH 8700 SW NIMBUS AVE     BEAVERTON    ORUS,other
11/22/2013 15:34,-37.85,FRED MEYER 393         TUALATIN     ORUS,other
11/22/2013 20:18,-14.67,VALVE SOFTWARE         425-8899642  WAUS,other
11/23/2013 20:45,-7.57,FRED MEYER 040         PORTLAND     ORUS,other
11/29/2013 2:19,-9.99,STEAMPOWERED.COM       425-952-2785 WAUS,other
11/29/2013 23:58,-0.99,STEAMPOWERED.COM       425-952-2785 WAUS,other
11/29/2013 23:58,-3.74,STEAMPOWERED.COM       425-952-2785 WAUS,other
11/30/2013 15:21,-16.06,UWAJIMAYA BEAVE 10500 S.W. HILLSDALE HWBEAVERTON    ORUS,other
11/30/2013 18:15,0.14,,other
12/2/2013 9:54,-2.49,STEAMPOWERED.COM       425-952-2785 WAUS,other
12/2/2013 20:44,-7.73,VALVE SOFTWARE         425-8899642  WAUS,other
12/2/2013 20:44,-0.99,VALVE SOFTWARE         425-8899642  WAUS,other
12/3/2013 11:59,-12.93,TACO BELL #3163        TUALATIN     ORUS,other
12/6/2013 20:34,-14.99,VALVE SOFTWARE         425-8899642  WAUS,other
12/7/2013 20:22,-9.44,SAFEWAY STORE     3136 PORTLAND     ORUS,other
12/11/2013 19:51,-15.48,FRED MEYER 393         TUALATIN     ORUS,other
12/20/2013 20:20,-11.03,SAFEWAY STORE     3136 PORTLAND     ORUS,other
12/22/2013 3:48,-4.99,STEAMPOWERED.COM       425-952-2785 WAUS,other
12/23/2013 19:35,-29.99,VALVE SOFTWARE         425-8899642  WAUS,other
12/23/2013 19:35,-3.62,VALVE SOFTWARE         425-8899642  WAUS,other
12/23/2013 22:03,-51.74,FRED MEYER 393         TUALATIN     ORUS,other
12/29/2013 3:05,-3.02,STEAMPOWERED.COM       425-952-2785 WAUS,other
12/31/2013 14:22,-25.46,FRED MEYER 393         TUALATIN     ORUS,other
12/31/2013 16:06,-15,TUALATIN PHARMACY      TUALATIN     ORUS,other
12/31/2013 21:14,0.14,,other
1/1/2014 10:45,-62.84,DOMINOS 7219          503-639-3300 ORUS,other
1/3/2014 20:18,-3.51,VALVE SOFTWARE         425-8899642  WAUS,other
1/8/2014 7:54,-7.5,SUBWAY        00016493 TUALATIN     ORUS,other
1/10/2014 11:44,-8.28,CARLS JR 7159         TUALATIN     ORUS,other
1/10/2014 12:34,-74.95,PORTLAND COMMUNITY COLLPORTLAND     ORUS,other
1/11/2014 21:00,-10.98,SAFEWAY STORE     3136 PORTLAND     ORUS,other
1/14/2014 14:36,-19.92,FRED MEYER 393         TUALATIN     ORUS,other
1/16/2014 18:08,-5.25,PCC SYLVANIA DINING    PORTLAND     ORUS,other
1/17/2014 9:00,-6.25,SUBWAY        00016493 TUALATIN     ORUS,other
1/17/2014 23:43,-5,PCC PARKING            PORTLAND     ORUS,other
1/20/2014 10:08,-6.59,PANDA EXPRESS 1689     LAKE OSWEGO  ORUS,other
1/20/2014 10:50,-8.28,CARLS JR 7159         TUALATIN     ORUS,other
1/20/2014 21:11,-12.22,AMAZON.COM             SEATTLE      WAUS,other
1/25/2014 20:11,-16.02,FRED MEYER 040         PORTLAND     ORUS,other
1/28/2014 23:31,-5,PCC PARKING            PORTLAND     ORUS,other
1/30/2014 11:13,-8.88,CARLS JR 7159         TUALATIN     ORUS,other
1/30/2014 18:23,-5.6,PCC SYLVANIA DINING    PORTLAND     ORUS,other
1/30/2014 23:48,-5,PCC PARKING            PORTLAND     ORUS,other
1/31/2014 21:47,0.13,,other
2/1/2014 11:51,-28.83,FEDEX 803692393861     800-4633339  TNUS,other
2/2/2014 1:22,-1.25,INONE VENDING 5        HUNT VALLEY  MDUS,other
2/2/2014 9:17,-1.75,COCA COLA WILSONVILLE O888-227-2653 ORUS,other
2/4/2014 18:26,-7,PCC SYLVANIA DINING    PORTLAND     ORUS,other
2/5/2014 0:34,-1.25,INONE VENDING 2        HUNT VALLEY  MDUS,other
2/6/2014 12:40,-55.23,CHEVRON 00098209       TIGARD       ORUS,other
2/6/2014 18:27,-6,PCC SYLVANIA DINING    PORTLAND     ORUS,other
2/11/2014 17:51,-3.11,FRED MEYER 393         TUALATIN     ORUS,other
2/11/2014 18:14,-2.25,PCC SYLVANIA DINING    PORTLAND     ORUS,other
2/11/2014 18:14,-6.18,PCC SYLVANIA DINING    PORTLAND     ORUS,other
2/12/2014 0:42,-1.75,INONE VENDING 2        HUNT VALLEY  MDUS,other
2/13/2014 18:15,-5.24,PCC SYLVANIA DINING    PORTLAND     ORUS,other
2/17/2014 21:47,-37.62,THIRSTY LION PUB AND GRTIGARD       ORUS,other
2/18/2014 13:44,-12.99,HAGGEN FOOD AND PH     TUALATIN     ORUS,other
2/18/2014 18:15,-3.45,PCC SYLVANIA DINING    PORTLAND     ORUS,other
2/25/2014 19:53,-14.76,510159630000057 STEAMPOWERED.COM       425-8899642  WAUS,other
2/27/2014 18:19,-6.1,34579062688 PCC SYLVANIA DINING    PORTLAND     ORUS,other
2/28/2014 21:54,0.11,,other
3/2/2014 19:56,-27.68,FRED MEYER 040         PORTLAND     ORUS,other
3/4/2014 18:28,-6.7,34579062688 PCC SYLVANIA DINING    PORTLAND     ORUS,other
3/6/2014 14:20,-6.97,FRED MEYER 393         TUALATIN     ORUS,other
3/6/2014 20:21,-10.45,6320055957MDF1 MCDONALDS F5957       TUALATIN     ORUS,other
3/8/2014 14:12,-27.61,FRED MEYER 393         TUALATIN     ORUS,other
3/11/2014 19:09,-2.25,34579062688 PCC SYLVANIA DINING    PORTLAND     ORUS,other
3/13/2014 18:21,-7.44,34579062688 PCC SYLVANIA DINING    PORTLAND     ORUS,other
3/13/2014 18:21,-1.7,34579062688 PCC SYLVANIA DINING    PORTLAND     ORUS,other
3/17/2014 19:06,-16.44,FRED MEYER 393         TUALATIN     ORUS,other
3/18/2014 23:43,-5,34579061288 PCC PARKING            PORTLAND     ORUS,other
3/20/2014 16:22,-2.49,542929805464419 STEAMGAMES.COM         425-889-9642 WAUS,other
3/22/2014 12:12,-21.73,FRED MEYER 393         TUALATIN     ORUS,other
3/23/2014 11:25,-6.97,335030650881 TACO BELL #3163        TUALATIN     ORUS,other
3/25/2014 21:43,-7.37,FRED MEYER 393         TUALATIN     ORUS,other
3/26/2014 11:43,-8.34,335030650881 TACO BELL #3163        TUALATIN     ORUS,other
3/30/2014 17:55,-52.5,8788430013565 RUSSELL STREET BAR-B-Q PORTLAND     ORUS,other
3/30/2014 19:19,-17.95,FRED MEYER 393         TUALATIN     ORUS,other
3/31/2014 21:26,0.11,,other
4/9/2014 3:39,-80,222514000222145 MHE*MCGRAW-HILL ECOMM  800-648-3045 NYUS,other
4/9/2014 11:40,-7.35,335030650881 TACO BELL #3163        TUALATIN     ORUS,other
4/15/2014 14:58,-9.69,FRED MEYER 393         TUALATIN     ORUS,other
4/16/2014 11:08,-9.58,4445011103911 CARLS JR 7159         TUALATIN     ORUS,other
4/17/2014 16:37,-2.78,FRED MEYER 393         TUALATIN     ORUS,other
4/17/2014 18:52,-8.38,34579062688 PCC SYLVANIA DINING    PORTLAND     ORUS,other
4/19/2014 15:39,-3.88,FRED MEYER 040         PORTLAND     ORUS,other
4/20/2014 17:27,-46.45,650000006122215 SHARIS OF GARDEN HOME 2PORTLAND     ORUS,other
4/21/2014 21:33,297,OR REVENUE DEPT  - TAX REFUND,other
4/23/2014 3:37,323.02,TAX PRODUCTS PE3 ORIG SUNRISE BANKS - SBTPG LLC,other
4/23/2014 20:40,-10.55,35-8023300828 ORIGINAL BAVARIAN SAUSATIGARD       ORUS,other
4/24/2014 14:32,-17.78,FRED MEYER 393         TUALATIN     ORUS,other
4/27/2014 18:47,-7.45,FRED MEYER 393         TUALATIN     ORUS,other
4/30/2014 21:50,3.25,,other
5/6/2014 14:15,-0.99,PLAID PANTRY #16 19405 SW BOONES FERRY RTUALATIN     ORUS,other
5/6/2014 18:31,-4.95,34579062688 PCC SYLVANIA DINING    PORTLAND     ORUS,other
5/10/2014 18:39,-20.2,WINCO FOODS 7500 DARTMOTigard       ORUS,other
5/11/2014 16:40,-9.08,FRED MEYER 393         TUALATIN     ORUS,other
5/11/2014 20:36,-25.3,530960670100155 SUSHI HANA             TIGARD       ORUS,other
5/15/2014 8:56,-1.75,19-80207046 COCA COLA WILSONVILLE O888-227-2653 ORUS,other
5/20/2014 15:22,-17.79,FRED MEYER 393         TUALATIN     ORUS,other
5/20/2014 18:30,-3.25,34579062688 PCC SYLVANIA DINING    PORTLAND     ORUS,other
5/21/2014 11:28,-13.42,335030650881 TACO BELL #3163        TUALATIN     ORUS,other
5/22/2014 18:31,-4.25,34579062688 PCC SYLVANIA DINING    PORTLAND     ORUS,other
5/29/2014 9:02,-1.5,19-80207046 COCA COLA WILSONVILLE O888-227-2653 ORUS,other
5/29/2014 18:28,-6.25,34579062688 PCC SYLVANIA DINING    PORTLAND     ORUS,other
5/30/2014 8:30,-1.5,19-80207046 COCA COLA WILSONVILLE O888-227-2653 ORUS,other
5/31/2014 18:59,0.12,,other
6/3/2014 12:15,-10.43,335030650881 TACO BELL #3163        TUALATIN     ORUS,other
6/4/2014 10:58,-1.5,19-80207046 COCA COLA WILSONVILLE O888-227-2653 ORUS,other
6/5/2014 23:54,-4,34579061288 PCC PARKING            PORTLAND     ORUS,other
6/7/2014 15:59,-17.03,UWAJIMAYA BEAVE 10500 S.W. HILLSDALE HWBEAVERTON    ORUS,other
6/10/2014 13:31,-9.09,FRED MEYER 393         TUALATIN     ORUS,other
6/10/2014 16:33,-29.2,542929804217024 GUSTAVS PUB  GRI     PORTLAND     ORUS,other
6/12/2014 14:01,-10.13,FRED MEYER 393         TUALATIN     ORUS,other
6/13/2014 11:31,-19.57,356171143882 BUFFALO WILD WINGS #357TUALATIN     ORUS,other
6/18/2014 11:47,-10.74,335030650881 TACO BELL #3163        TUALATIN     ORUS,other
6/22/2014 18:31,-2.9,542929805472313 STEAMGAMES.COM         425-889-9642 WAUS,other
6/24/2014 3:34,100.39,Google Inc. EDI - EDI PYMNTS,other
6/26/2014 0:51,-1.25,650000006643467 INONE VENDING 2        HUNT VALLEY  MDUS,other
6/26/2014 9:06,-1.5,19-80207046 COCA COLA WILSONVILLE O888-227-2653 ORUS,other
6/27/2014 11:10,-8.38,4445011103911 CARLS JR 7159         TUALATIN     ORUS,other
6/27/2014 17:07,-10,8788290265835 WORKING CLASS ACUPUNCT PORTLAND     ORUS,other
6/28/2014 22:51,-25.45,SAFEWAY STORE     3136 PORTLAND     ORUS,other
6/29/2014 3:10,-42.2,426173491991 FLYING PIE PIZZERIA    LAKE OSWEGO  ORUS,other
6/30/2014 20:14,-5.99,510159630000057 STEAMPOWERED.COM       425-8899642  WAUS,other
6/30/2014 22:04,3.48,,other
7/1/2014 0:42,-1.25,650000006643467 INONE VENDING 2        HUNT VALLEY  MDUS,other
7/1/2014 20:21,-6.99,510159630000057 STEAMPOWERED.COM       425-8899642  WAUS,other
7/4/2014 12:50,-10.08,335030650881 TACO BELL #3163        TUALATIN     ORUS,other
7/8/2014 8:17,-1.5,19-80207046 COCA COLA WILSONVILLE O888-227-2653 ORUS,other
7/10/2014 1:14,-1.25,650000006727062 INONE VENDING 5        HUNT VALLEY  MDUS,other
7/10/2014 8:18,-1.5,19-80207046 COCA COLA WILSONVILLE O888-227-2653 ORUS,other
7/10/2014 9:16,-5.5,25500000016493 SUBWAY        00016493 TUALATIN     ORUS,other
7/10/2014 21:34,-23.99,SAFEWAY STORE     3136 PORTLAND     ORUS,other
7/11/2014 17:34,-17.25,8788430013565 RUSSELL STREET BAR-B-Q PORTLAND     ORUS,other
7/14/2014 19:52,-4.89,510159630000057 STEAMPOWERED.COM       425-8899642  WAUS,other
7/14/2014 19:52,-3.49,510159630000057 STEAMPOWERED.COM       425-8899642  WAUS,other
7/15/2014 9:19,-1.5,19-80207046 COCA COLA WILSONVILLE O888-227-2653 ORUS,other
7/15/2014 9:29,-6.75,25500000016493 SUBWAY        00016493 TUALATIN     ORUS,other
7/15/2014 13:35,-17.6,FRED MEYER 393         TUALATIN     ORUS,other
7/22/2014 0:48,-1.75,650000006643467 INONE VENDING 2        HUNT VALLEY  MDUS,other
7/22/2014 0:50,-1.5,650000006727062 INONE VENDING 5        HUNT VALLEY  MDUS,other
7/22/2014 0:50,-1.5,650000006727062 INONE VENDING 5        HUNT VALLEY  MDUS,other
7/22/2014 15:32,-1.5,19-80207046 COCA COLA WILSONVILLE O888-227-2653 ORUS,other
7/24/2014 9:16,-1.75,19-80207046 COCA COLA WILSONVILLE O888-227-2653 ORUS,other
7/24/2014 12:00,-10.64,335030650881 TACO BELL #3163        TUALATIN     ORUS,other
7/25/2014 18:29,-6,317730282826 TUALATIN LIBRARY KIOSK TUALATIN     ORUS,other
7/26/2014 23:25,-10.8,376258846991 JERSEY MIKES SUBS 3200TUALATIN     ORUS,other
7/29/2014 1:08,-1.5,650000006727062 INONE VENDING 5        HUNT VALLEY  MDUS,other
7/29/2014 8:37,-1.75,19-80207046 COCA COLA WILSONVILLE O888-227-2653 ORUS,other
7/30/2014 11:08,-8.38,4445011103911 CARLS JR 7159         TUALATIN     ORUS,other
7/31/2014 0:53,-1.25,650000006727062 INONE VENDING 5        HUNT VALLEY  MDUS,other
7/31/2014 0:53,-1,650000006727062 INONE VENDING 5        HUNT VALLEY  MDUS,other
7/31/2014 8:46,-1.75,19-80207046 COCA COLA WILSONVILLE O888-227-2653 ORUS,other
7/31/2014 18:31,-6.58,34579062688 PCC SYLVANIA DINING    PORTLAND     ORUS,other
7/31/2014 20:00,-11.99,FRED MEYER 393         TUALATIN     ORUS,other
7/31/2014 23:47,0.11,,other
8/1/2014 3:02,-0.75,19-80207046 COCA COLA WILSONVILLE O888-227-2653 ORUS,other
8/3/2014 14:51,-9.74,42617706099 TACO DEL SOL INC       TIGARD       ORUS,other
8/3/2014 15:45,-3.29,FRED MEYER 393         TUALATIN     ORUS,other
8/4/2014 3:59,120,PAYPAL TRANSFER - TRANSFER,other
8/5/2014 0:39,-1.25,650000006727062 INONE VENDING 5        HUNT VALLEY  MDUS,other
8/5/2014 1:11,-1.5,650000006727062 INONE VENDING 5        HUNT VALLEY  MDUS,other
8/5/2014 15:25,-1.5,19-80207046 COCA COLA WILSONVILLE O888-227-2653 ORUS,other
8/7/2014 3:34,-4,35617008888 BELLAGIOS PIZZA        PORTLAND     ORUS,other
8/7/2014 9:05,-1.75,19-80207046 COCA COLA WILSONVILLE O888-227-2653 ORUS,other
8/7/2014 15:59,-49.47,FRED MEYER 393         TUALATIN     ORUS,other
8/9/2014 12:33,-11.64,335030650881 TACO BELL #3163        TUALATIN     ORUS,other
8/11/2014 15:35,-2.57,FRED MEYER 393         TUALATIN     ORUS,other
8/12/2014 18:26,-4.95,34579062688 PCC SYLVANIA DINING    PORTLAND     ORUS,other
8/13/2014 21:26,-29.83,FRED MEYER 393         TUALATIN     ORUS,other
8/14/2014 1:02,-0.75,650000006643467 INONE VENDING 2        HUNT VALLEY  MDUS,other
8/16/2014 20:41,-21.19,FRED MEYER 040         PORTLAND     ORUS,other
8/22/2014 20:24,-16.42,510159630000057 STEAMPOWERED.COM       425-8899642  WAUS,other
8/28/2014 8:43,-14.78,3-8015464103 ECOLA SEAFOODS RESTAURACANNON BEACH ORUS,other
8/31/2014 20:11,3.3,,other
9/1/2014 18:47,-40,8788430013565 RUSSELL STREET BAR-B-Q PORTLAND     ORUS,other
9/1/2014 19:46,-7.3,6320055957MDF1 MCDONALDS F5957       TUALATIN     ORUS,other
9/2/2014 20:57,-4.79,FRED MEYER 393         TUALATIN     ORUS,other
9/3/2014 18:46,-12.94,18841800005336 SQ *WHATS THE SCOOP?  Portland     ORUS,other
9/3/2014 21:43,-19.94,FRED MEYER 040         PORTLAND     ORUS,other
9/13/2014 16:00,-17.62,FRED MEYER 040         PORTLAND     ORUS,other
9/14/2014 10:31,-7.59,525881901139051 BAJA FRESH BARBUR      PORTLAND     ORUS,other
9/17/2014 11:35,-20.03,335030650881 TACO BELL #3163        TUALATIN     ORUS,other
9/17/2014 11:42,-8.98,FRED MEYER 393         TUALATIN     ORUS,other
9/17/2014 20:21,-13.55,510159630000057 STEAMPOWERED.COM       425-8899642  WAUS,other
9/19/2014 20:26,-3.75,542929805472313 STEAMGAMES.COM         425-889-9642 WAUS,other
9/21/2014 12:18,-16.98,4445011103911 CARLS JR 7159         TUALATIN     ORUS,other
9/22/2014 10:31,-42,4445001104711 MACYS EAST #392       TIGARD       ORUS,other
9/22/2014 19:37,-8.75,510159630000057 STEAMPOWERED.COM       425-8899642  WAUS,other
9/23/2014 18:07,-4.95,34579062688 PCC SYLVANIA DINING    PORTLAND     ORUS,other
9/24/2014 1:22,-79.99,4445001104711 MACYS EAST #392       800-289-6229 ORUS,other
9/25/2014 16:46,-25.93,FRED MEYER 393         TUALATIN     ORUS,other
9/28/2014 15:47,-111.99,THE MENS WEARHOUSE 16940 SW 72ND AVE      TIGARD       ORUS,other
9/30/2014 22:24,0.09,,other
10/1/2014 7:20,-2,650000006727062 INONE VENDING 5        HUNT VALLEY  MDUS,other
10/2/2014 18:54,-6.2,34579062688 PCC SYLVANIA DINING    PORTLAND     ORUS,other
10/3/2014 0:52,-1,650000006643467 INONE VENDING 2        HUNT VALLEY  MDUS,other
10/3/2014 0:52,-1,650000006643467 INONE VENDING 2        HUNT VALLEY  MDUS,other
10/3/2014 8:33,-2.5,19-80207046 COCA COLA WILSONVILLE O888-227-2653 ORUS,other
10/3/2014 18:47,-22.02,FRED MEYER 393         TUALATIN     ORUS,other
10/4/2014 3:27,-7.08,178049218997 JACK IN THE BOX #7155  TUALATIN     ORUS,other
10/12/2014 0:47,-25.92,520612901031367 CRITERION.COM          914-725-7881 NYUS,other
10/13/2014 22:18,-19.43,FRED MEYER 393         TUALATIN     ORUS,other
10/15/2014 0:44,-1.4,650000006643467 INONE VENDING 2        HUNT VALLEY  MDUS,other
10/15/2014 22:18,-50,65287386 AVANGATE*MAKEMKV.COM   AMSTERDAM      NL,other
10/17/2014 17:12,-0.75,19-80207046 COCA COLA WILSONVILLE O888-227-2653 ORUS,other
10/18/2014 19:56,-13.35,SAFEWAY STORE     3136 PORTLAND     ORUS,other
10/22/2014 0:36,-4.95,34579062688 PCC SYLVANIA DINING    PORTLAND     ORUS,other
10/24/2014 12:17,-9.15,335030650881 TACO BELL #3163        TUALATIN     ORUS,other
10/25/2014 16:51,-122,JOHN HELMER HABERDASHER I 969 SW BROADWAY        PORTLAND,other
10/25/2014 23:43,-10.1,542929801332842 POTBELLY 284           PORTLAND     ORUS,other
10/28/2014 18:30,-8.88,34579062688 PCC SYLVANIA DINING    PORTLAND     ORUS,other
10/30/2014 3:36,-7.38,4445011103911 CARLS JR 7159         TUALATIN     ORUS,other
10/31/2014 22:29,-13.94,335030650881 TACO BELL #3163        TUALATIN     ORUS,other
11/1/2014 1:46,0.08,,other
11/2/2014 18:51,-30.5,8788430090855 HAYDENS LAKEFRONT GRIL TUALATIN     ORUS,other
11/4/2014 18:29,-6.2,34579062688 PCC SYLVANIA DINING    PORTLAND     ORUS,other
11/6/2014 1:18,-124.98,221039687993 THE MENS WEARHOUSE #266TIGARD       ORUS,other
11/7/2014 3:42,-256.98,221039687993 THE MENS WEARHOUSE #266TIGARD       ORUS,other
11/7/2014 22:17,-45.07,4445001404608 FRED-MEYER #0393       TUALATIN     ORUS,other
11/10/2014 16:54,-91.56,542929804217024 GUSTAVS PUB  GRI     PORTLAND     ORUS,other
11/10/2014 21:58,-9.77,4445001404608 FRED-MEYER #0393       TUALATIN     ORUS,other
11/12/2014 20:17,-10.28,6136090005NSZ1 NEW SEASONS MARKET     PORTLAND     ORUS,other
11/13/2014 10:44,-10.39,4445011103911 CARLS JR 7159         TUALATIN     ORUS,other
11/18/2014 21:58,-51.56,4445001404608 FRED-MEYER #0393       TUALATIN     ORUS,other
11/19/2014 0:29,-1.4,650000006643467 INONE VENDING 2        HUNT VALLEY  MDUS,other
11/20/2014 23:50,-4.95,34579062688 PCC SYLVANIA DINING    PORTLAND     ORUS,other
11/21/2014 19:52,-13.1,530960670100155 SUSHI HANA             TIGARD       ORUS,other
11/24/2014 3:39,20,PAYPAL TRANSFER - TRANSFER,other
11/24/2014 10:56,-2.85,24500000031369 SAFEWAY STORE 00031369 PORTLAND     ORUS,other
11/25/2014 22:00,-22.1,4445001404608 FRED-MEYER #0393       TUALATIN     ORUS,other
11/26/2014 18:49,-1.49,542929805464419 STEAMGAMES.COM         425-952-2985 WAUS,other
11/29/2014 18:14,-6.64,542929805472313 STEAMGAMES.COM         425-952-2985 WAUS,other
11/30/2014 20:31,1.5,,other
12/2/2014 21:48,-24.05,4445001404608 FRED-MEYER #0393       TUALATIN     ORUS,other
12/4/2014 3:59,-40,221039687993 THE MENS WEARHOUSE #266TIGARD       ORUS,other
12/4/2014 5:06,-6.7,345600205883 CHIPOTLE 1015          TUALATIN     ORUS,other
12/4/2014 7:34,-5.79,10500000104596 STAPLES       00104596 TUALATIN     ORUS,other
12/10/2014 11:04,-26.64,4445011103911 CARLS JR 7159         TUALATIN     ORUS,other
12/10/2014 11:40,-6.87,335030650881 TACO BELL #3163        TUALATIN     ORUS,other
12/12/2014 11:01,-26,4445013785378 RENNERS GRILL         PORTLAND     ORUS,other
12/18/2014 15:38,-88.27,AMAZON.COM             SEATTLE      WAUS,other
12/21/2014 8:36,-21,17-8026743552 HAERIM RESTAURANT      BEAVERTON    ORUS,other
12/21/2014 19:23,-1.94,174030076999 PAYPAL *STEAM GAMES    425-889-9642 WAUS,other
12/29/2014 6:16,-64.85,AMAZON.COM             SEATTLE      WAUS,other
12/29/2014 7:13,-19.34,4445001404608 FRED-MEYER #0393       TUALATIN     ORUS,other
12/30/2014 7:31,-16.17,444500140379 FRED-MEYER #0040       PORTLAND     ORUS,other
12/31/2014 21:59,0.03,,other
12/31/2014 23:12,-11.55,376258846991 JERSEY MIKES SUBS 3200TUALATIN     ORUS,other
1/5/2015 19:43,-9,422369410013763 HOLLYWOOD THEATRE TSYS 503-4931128  ORUS,other
1/11/2015 18:44,-15,323238284992 SUNSET LANES RESTAURANTBEAVERTON    ORUS,other
1/12/2015 10:44,-20,210319 CHEVRON 00210319       TUALATIN     ORUS,other
1/15/2015 11:12,-9.45,335030650881 TACO BELL #3163        TUALATIN     ORUS,other
1/17/2015 10:58,-11.77,4445011103911 CARLS JR 7159         TUALATIN     ORUS,other
1/18/2015 8:52,-13.97,934000000423343 GYRO HOUSE MEDITERRANEABEAVERTON    ORUS,other
1/22/2015 2:36,-12.67,226003282994 TRADER JOES #149  QPS HILLSBORO    ORUS,other
1/25/2015 2:18,-2.5,174037600999 TRIMET TVM             PORTLAND     ORUS,other
1/25/2015 17:36,-33,4800000501668 SWANK AND SWINE        PORTLAND     ORUS,other
1/30/2015 16:44,-13,650000006121373 SHARIS OF TANASBOURNE 1HILLSBORO    ORUS,other
1/31/2015 3:30,-24.88,6289620001GOO1 TANASBOURNE GROCERY    BEAVERTON    ORUS,other
1/31/2015 21:53,0.02,,other
2/1/2015 2:15,-2.5,174037600999 TRIMET TVM             PORTLAND     ORUS,other
2/4/2015 0:35,-6.45,34579062688 PCC SYLVANIA DINING    PORTLAND     ORUS,other
2/5/2015 5:30,-2.44,PAYPAL INSTANT TRANSFER - INST XFER,other
2/6/2015 18:35,-10.9,WM SUPERCENTER # Wal-Mart Super Center  BEAVERTON    ORUS,other
2/8/2015 1:42,-5.99,6289620001GOO1 TANASBOURNE GROCERY    BEAVERTON    ORUS,other
2/8/2015 10:44,-8.99,444500071733 LITTLE CAESARS 1593 159ALOHA        ORUS,other
2/9/2015 17:39,-18.65,84870051284422 TICKETLEAPTICKETS COM  877-8495327  PAUS,other
2/9/2015 17:39,-18.65,84870051284422 TICKETLEAPTICKETS COM  877-8495327  PAUS,other
2/9/2015 17:53,-28.65,84870051635327 THIRSTY LION TANASBOURNHILLSBORO    ORUS,other
2/10/2015 11:09,-8.64,335030650881 TACO BELL #3163        TUALATIN     ORUS,other
2/11/2015 20:05,-12.47,542929803900612 HAGGEN FOOD AND PH     TUALATIN     ORUS,other
2/12/2015 10:55,-9.68,4445011103911 CARLS JR 7159         TUALATIN     ORUS,other
2/13/2015 14:04,-18.29,WM SUPERCENTER # Wal-Mart Super Center  BEAVERTON    ORUS,other
2/15/2015 2:04,-12,345772885884 SWAGAT INDIAN CUISINE  BEAVERTON    ORUS,other
2/15/2015 10:10,-5,84870006619602 VS  TRIMET             503-962-2992 ORUS,other
2/24/2015 18:33,-7.7,34579062688 PCC SYLVANIA DINING    PORTLAND     ORUS,other
2/24/2015 21:54,-13.68,4445001404608 FRED-MEYER #0393       TUALATIN     ORUS,other
2/28/2015 20:56,0.41,,other
3/1/2015 9:51,-10,84870006619602 VS  TRIMET             503-962-2992 ORUS,other
3/2/2015 8:12,-3.37,6289620001GOO1 TANASBOURNE GROCERY    BEAVERTON    ORUS,other
3/2/2015 17:32,-18.15,84870051270423 THIRSTY LION PUB       PORTLAND     ORUS,other
3/5/2015 8:16,-2.25,188097000103177 GOOGLE *Beloko Games   GOOGLE.COM/CHCAUS,other
3/5/2015 11:01,-9.97,4445011103911 CARLS JR 7159         TUALATIN     ORUS,other
3/6/2015 15:14,50,Shared Branch e-deposit               Palo Alto     CA,other
3/6/2015 15:20,25,Shared Branch e-deposit               Palo Alto     CA,other
3/6/2015 15:27,20,Shared Branch e-deposit               Palo Alto     CA,other
3/7/2015 21:41,-8.98,Wal-Mart Super Center 5993 WAL-SAMS          BEAVERTON    OR,other
3/11/2015 12:30,-9.17,36400000166009 TACO BELL 001600166009 TIGARD       ORUS,other
3/16/2015 22:25,25,Shared Branch e-deposit               Palo Alto     CA,other
3/17/2015 10:23,-25,e deposit-stale dated-ck11113,other
3/22/2015 2:42,-14.3,6289620001GOO1 TANASBOURNE GROCERY    BEAVERTON    ORUS,other
3/24/2015 4:57,-5.98,6289620001GOO1 TANASBOURNE GROCERY    BEAVERTON    ORUS,other
3/24/2015 8:21,-2,86800000042796 DOLRTREE 4279 00042796 HILLSBORO    ORUS,other
3/24/2015 17:12,-11,650000007842076 ELEPHANTS IN THE PARK  PORTLAND     ORUS,other
3/29/2015 15:58,-15.8,546458101224424 ROCK CREEK TAVERN      HILLSBORO    ORUS,other
3/30/2015 18:26,-6.2,34579062688 PCC SYLVANIA DINING    PORTLAND     ORUS,other
3/31/2015 3:02,-1.5,21-8015393427 USA*Canteen Vending    Portland     ORUS,other
3/31/2015 3:02,-1.75,21-8015393427 USA*Canteen Vending    Portland     ORUS,other
3/31/2015 8:24,-1.5,19-80207046 COCA COLA WILSONVILLE OWILSONVILLE  ORUS,other
3/31/2015 22:19,0.01,,other
4/7/2015 16:54,-18.88,650000006123783 SHARIS OF TUALATIN 242 TUALATIN     ORUS,other
4/9/2015 3:23,-14.33,6213880590ANW1 ALBERTSONS #590        HILLSBORO    ORUS,other
4/12/2015 2:44,-5.36,6289620001GOO1 TANASBOURNE GROCERY    BEAVERTON    ORUS,other
4/12/2015 13:17,-12.83,36400000166009 TACO BELL 001600166009 TIGARD       ORUS,other
4/14/2015 2:54,-3,21-8015393427 USA*Canteen Vending    Portland     ORUS,other
4/15/2015 18:10,-12.59,650000006123783 SHARIS OF TUALATIN 242 TUALATIN     ORUS,other
4/16/2015 3:06,-19,345220858889 THAI APSARA LLC`       BEAVERTON    ORUS,other
4/19/2015 12:41,-7.78,4445011104059 CARLS JR 8104         TIGARD       ORUS,other
4/21/2015 6:04,-3.25,21-8015393427 USA*Canteen Vending    Portland     ORUS,other
4/24/2015 21:37,-20.17,4445001404608 FRED-MEYER #0393       TUALATIN     ORUS,other
4/28/2015 2:19,-1.5,21-8015393427 USA*Canteen Vending    Portland     ORUS,other
4/30/2015 22:38,0.01,,other
5/6/2015 9:47,-7.05,535378901168399 BAJA FRESH TIGARD      TIGARD       ORUS,other
5/8/2015 1:07,-9.96,4445900005935 WM SUPERCENTER #5935   TIGARD       ORUS,other
5/8/2015 9:06,-5.5,25500003070208 SUBWAY        03070208 TIGARD       ORUS,other
5/18/2015 3:58,10.87,PAYPAL TRANSFER - TRANSFER,other
5/19/2015 10:53,-9.08,4445197793869 WENDYS 1521           PORTLAND     ORUS,other
5/21/2015 3:07,-1.5,19-80207046 COCA COLA WILSONVILLE OWILSONVILLE  ORUS,other
